Username,Password,Full Name
Jerome,123,Jerome Tan
Jacob,123,Jacob Tan
Kate,123,Kate Tan
Jed,123,Jed Tan
Raf,123,Raf Tan
Dame,123,Dame Tan
Kobe,123,Kobe Tan
Jake,123,Jake Tan
Joseph,123,John Tan
Jeka,123,Jeka Tan
Shobe,123,Shobe Tan
Kake,123,Kake Tan
Joker,123,Joker Tan
Brohit,123,Brohit Tan
Je,123,Je Tan
Nicole,123,Nicole Tan
Ken,123,Ken Tan
Kim,123,Kim Tan
Rof,123,Rof Tan
Les,123,Les Tan
Lor,123,Lor Tan
Danielle,123,Danielle Tan
Marion,123,Marion Tan
Angelica,123,Angelica Tan
Angel,123,Angel Tan
Alyssa,123,Alyssa Tan
Maria,123,Maria Tan
Alyanna,123,Alyanna Tan
Cory,123,Cory Tan
Jorge,123,Jorge Tan
Mark,123,Mark Tan
Owen,123,Owen Tan
Jim,123,Jim Tan
Erlene,123,Erlene Tan
James,123,James Tan
Charisse,123,Charisse Tan
Jane,123,Jane Tan
Janette,123,Janette Tan
Shanelle,123,Shanelle Tan
Chance,123,Chance Tan
George,123,George Tan
Jaem,123,Jaem Tan
Jm,123,JM Tan
Migz,123,Migz Tan
Migui,123,Migui Tan
Franz,123,Franz Tan
Kel,123,Kel Tan
Your,123,Your Tan
Play,123,Play Tan
Tic,123,Tic Tan
Tan,123,Tan Tan
Jorel,123,Jorel Tan
Ivy,123,Ivy Tan
Aldrich,123,Aldrich Tan
Mory,123,Mory Tan
Mary,123,Mary Tan
Jesus,123,Jesus Tan
Zeus,123,Zeus Tan
Axe,123,Axe Tan
Drow,123,Drow Tan
Nyx,123,Nyx Tan
Puck,123,Puck Tan
Beast,123,Beast Tan
Wyvern,123,Wyvern Tan
Jugg,123,Jugg Tan
Abba,123,Abba Tan
Wd,123,Wd Tan
Sg,123,Sg Tan
Slark,123,Slark Tan
Jam,123,Jam Tan
Janine,123,Janine Tan
Christine,123,Christine Tan
Erlinda,123,Erlinda Tan
Ronald,123,Ronald Tan
Ronaldo,123,Ronaldo Tan
Kevin,123,Kevin Tan
Almer,123,Almer Tan
Lois,123,Lois Tan
Mc,123,Mc Tan
Hi,123,Hi Tan
Goat,123,Goat Tan
Grind,123,Grind Tan
Account,123,Account Tan
Chrome,123,Chrome Tan
Excel,123,Excel Tan
Ppt,123,Ppt Tan
Steam,123,Steam Tan
Puffin,123,Puffin Tan
Cate,123,Cate Tan
Cyle,123,Cyle Tan
Chloe,123,Chloe Tan
Alice,123,Alice Tan
Richard,123,Richard Tan
Ricardo,123,Ricardo Tan
Nathan,123,Nathan Tan
Joch,123,Joch Tan
Joyce,123,Joyce Tan
Louise,123,Louise Tan
Anne,123,Anne Tan
Anja,123,Anja Tan
Poe,123,Poe Tan
Fernando,123,Fernando Tan
Moly,123,Moly Tan
Molei,123,Molei Tan
Bryan,123,Bryan Tan
Portman,123,Portman Tan
Goit,123,Goit Tan
Doit,123,Doit Tan
Mika,123,Mika Tan
Tracey,123,Tracey Tan
Miley,123,Miley Tan
Ben,123,Ben Tan
Troy,123,Troy Tan
Jenny,123,Jenny Tan
